ID,ARCHIVO,FAMILIA,TEMA,TÍTULO,COMPOSICIÓN,ELEMENTOS,VARIANTE_DE
cover-minimal-001,output\covers\planner\minimal\YOYIR-cover-minimal-001.png,MINIMAL,BLUSH,PLANIFICADOR,minimal-01,formas vectoriales originales,
cover-minimal-002,output\covers\planner\minimal\YOYIR-cover-minimal-002.png,MINIMAL,SAGE,PLANIFICADOR DIGITAL,minimal-02,formas vectoriales originales,
cover-minimal-003,output\covers\planner\minimal\YOYIR-cover-minimal-003.png,MINIMAL,SKY,MI PLANIFICADOR,minimal-03,formas vectoriales originales,
cover-minimal-004,output\covers\planner\minimal\YOYIR-cover-minimal-004.png,MINIMAL,SAND,2026 · 2027 · 2028,minimal-04,formas vectoriales originales,
cover-minimal-005,output\covers\planner\minimal\YOYIR-cover-minimal-005.png,MINIMAL,NEUTRAL,MIS PLANES,minimal-05,formas vectoriales originales,
cover-minimal-006,output\covers\planner\minimal\YOYIR-cover-minimal-006.png,MINIMAL,LAVANDA,MI AÑO,minimal-06,formas vectoriales originales,
cover-minimal-007,output\covers\planner\minimal\YOYIR-cover-minimal-007.png,MINIMAL,BLUSH,ORGANIZA · ENFÓCATE · AVANZA,minimal-07,formas vectoriales originales,
cover-minimal-008,output\covers\planner\minimal\YOYIR-cover-minimal-008.png,MINIMAL,SAGE,YOYI’R,minimal-08,formas vectoriales originales,
cover-minimal-009,output\covers\planner\minimal\YOYIR-cover-minimal-009.png,MINIMAL,SKY,PLANIFICADOR,minimal-01,formas vectoriales originales,
cover-minimal-010,output\covers\planner\minimal\YOYIR-cover-minimal-010.png,MINIMAL,SAND,PLANIFICADOR DIGITAL,minimal-02,formas vectoriales originales,
cover-minimal-011,output\covers\planner\minimal\YOYIR-cover-minimal-011.png,MINIMAL,NEUTRAL,MI PLANIFICADOR,minimal-03,formas vectoriales originales,
cover-minimal-012,output\covers\planner\minimal\YOYIR-cover-minimal-012.png,MINIMAL,LAVANDA,2026 · 2027 · 2028,minimal-04,formas vectoriales originales,
cover-minimal-013,output\covers\planner\minimal\YOYIR-cover-minimal-013.png,MINIMAL,BLUSH,MIS PLANES,minimal-05,formas vectoriales originales,
cover-minimal-014,output\covers\planner\minimal\YOYIR-cover-minimal-014.png,MINIMAL,SAGE,MI AÑO,minimal-06,formas vectoriales originales,
cover-minimal-015,output\covers\planner\minimal\YOYIR-cover-minimal-015.png,MINIMAL,SKY,ORGANIZA · ENFÓCATE · AVANZA,minimal-07,formas vectoriales originales,
cover-minimal-016,output\covers\planner\minimal\YOYIR-cover-minimal-016.png,MINIMAL,SAND,YOYI’R,minimal-08,formas vectoriales originales,
cover-minimal-017,output\covers\planner\minimal\YOYIR-cover-minimal-017.png,MINIMAL,NEUTRAL,PLANIFICADOR,minimal-01,formas vectoriales originales,
cover-minimal-018,output\covers\planner\minimal\YOYIR-cover-minimal-018.png,MINIMAL,LAVANDA,PLANIFICADOR DIGITAL,minimal-02,formas vectoriales originales,
cover-minimal-019,output\covers\planner\minimal\YOYIR-cover-minimal-019.png,MINIMAL,BLUSH,MI PLANIFICADOR,minimal-03,formas vectoriales originales,
cover-minimal-020,output\covers\planner\minimal\YOYIR-cover-minimal-020.png,MINIMAL,SAGE,2026 · 2027 · 2028,minimal-04,formas vectoriales originales,
cover-minimal-021,output\covers\planner\minimal\YOYIR-cover-minimal-021.png,MINIMAL,SKY,MIS PLANES,minimal-05,formas vectoriales originales,
cover-minimal-022,output\covers\planner\minimal\YOYIR-cover-minimal-022.png,MINIMAL,SAND,MI AÑO,minimal-06,formas vectoriales originales,
cover-minimal-023,output\covers\planner\minimal\YOYIR-cover-minimal-023.png,MINIMAL,NEUTRAL,ORGANIZA · ENFÓCATE · AVANZA,minimal-07,formas vectoriales originales,
cover-minimal-024,output\covers\planner\minimal\YOYIR-cover-minimal-024.png,MINIMAL,LAVANDA,YOYI’R,minimal-08,formas vectoriales originales,
cover-minimal-025,output\covers\planner\minimal\YOYIR-cover-minimal-025.png,MINIMAL,BLUSH,PLANIFICADOR,minimal-01,formas vectoriales originales,
cover-abstract-001,output\covers\planner\abstract\YOYIR-cover-abstract-001.png,ABSTRACTA,SAGE,PLANIFICADOR DIGITAL,abstract-01,formas vectoriales originales,
cover-abstract-002,output\covers\planner\abstract\YOYIR-cover-abstract-002.png,ABSTRACTA,SKY,MI PLANIFICADOR,abstract-02,formas vectoriales originales,
cover-abstract-003,output\covers\planner\abstract\YOYIR-cover-abstract-003.png,ABSTRACTA,SAND,2026 · 2027 · 2028,abstract-03,formas vectoriales originales,
cover-abstract-004,output\covers\planner\abstract\YOYIR-cover-abstract-004.png,ABSTRACTA,NEUTRAL,MIS PLANES,abstract-04,formas vectoriales originales,
cover-abstract-005,output\covers\planner\abstract\YOYIR-cover-abstract-005.png,ABSTRACTA,LAVANDA,MI AÑO,abstract-05,formas vectoriales originales,
cover-abstract-006,output\covers\planner\abstract\YOYIR-cover-abstract-006.png,ABSTRACTA,BLUSH,ORGANIZA · ENFÓCATE · AVANZA,abstract-06,formas vectoriales originales,
cover-abstract-007,output\covers\planner\abstract\YOYIR-cover-abstract-007.png,ABSTRACTA,SAGE,YOYI’R,abstract-07,formas vectoriales originales,
cover-abstract-008,output\covers\planner\abstract\YOYIR-cover-abstract-008.png,ABSTRACTA,SKY,PLANIFICADOR,abstract-08,formas vectoriales originales,
cover-abstract-009,output\covers\planner\abstract\YOYIR-cover-abstract-009.png,ABSTRACTA,SAND,PLANIFICADOR DIGITAL,abstract-01,formas vectoriales originales,
cover-abstract-010,output\covers\planner\abstract\YOYIR-cover-abstract-010.png,ABSTRACTA,NEUTRAL,MI PLANIFICADOR,abstract-02,formas vectoriales originales,
cover-abstract-011,output\covers\planner\abstract\YOYIR-cover-abstract-011.png,ABSTRACTA,LAVANDA,2026 · 2027 · 2028,abstract-03,formas vectoriales originales,
cover-abstract-012,output\covers\planner\abstract\YOYIR-cover-abstract-012.png,ABSTRACTA,BLUSH,MIS PLANES,abstract-04,formas vectoriales originales,
cover-abstract-013,output\covers\planner\abstract\YOYIR-cover-abstract-013.png,ABSTRACTA,SAGE,MI AÑO,abstract-05,formas vectoriales originales,
cover-abstract-014,output\covers\planner\abstract\YOYIR-cover-abstract-014.png,ABSTRACTA,SKY,ORGANIZA · ENFÓCATE · AVANZA,abstract-06,formas vectoriales originales,
cover-abstract-015,output\covers\planner\abstract\YOYIR-cover-abstract-015.png,ABSTRACTA,SAND,YOYI’R,abstract-07,formas vectoriales originales,
cover-abstract-016,output\covers\planner\abstract\YOYIR-cover-abstract-016.png,ABSTRACTA,NEUTRAL,PLANIFICADOR,abstract-08,formas vectoriales originales,
cover-abstract-017,output\covers\planner\abstract\YOYIR-cover-abstract-017.png,ABSTRACTA,LAVANDA,PLANIFICADOR DIGITAL,abstract-01,formas vectoriales originales,
cover-abstract-018,output\covers\planner\abstract\YOYIR-cover-abstract-018.png,ABSTRACTA,BLUSH,MI PLANIFICADOR,abstract-02,formas vectoriales originales,
cover-abstract-019,output\covers\planner\abstract\YOYIR-cover-abstract-019.png,ABSTRACTA,SAGE,2026 · 2027 · 2028,abstract-03,formas vectoriales originales,
cover-abstract-020,output\covers\planner\abstract\YOYIR-cover-abstract-020.png,ABSTRACTA,SKY,MIS PLANES,abstract-04,formas vectoriales originales,
cover-abstract-021,output\covers\planner\abstract\YOYIR-cover-abstract-021.png,ABSTRACTA,SAND,MI AÑO,abstract-05,formas vectoriales originales,
cover-abstract-022,output\covers\planner\abstract\YOYIR-cover-abstract-022.png,ABSTRACTA,NEUTRAL,ORGANIZA · ENFÓCATE · AVANZA,abstract-06,formas vectoriales originales,
cover-abstract-023,output\covers\planner\abstract\YOYIR-cover-abstract-023.png,ABSTRACTA,LAVANDA,YOYI’R,abstract-07,formas vectoriales originales,
cover-abstract-024,output\covers\planner\abstract\YOYIR-cover-abstract-024.png,ABSTRACTA,BLUSH,PLANIFICADOR,abstract-08,formas vectoriales originales,
cover-abstract-025,output\covers\planner\abstract\YOYIR-cover-abstract-025.png,ABSTRACTA,SAGE,PLANIFICADOR DIGITAL,abstract-01,formas vectoriales originales,
cover-celestial-001,output\covers\planner\celestial\YOYIR-cover-celestial-001.png,CELESTIAL,SKY,MI PLANIFICADOR,celestial-01,formas vectoriales originales,
cover-celestial-002,output\covers\planner\celestial\YOYIR-cover-celestial-002.png,CELESTIAL,SAND,2026 · 2027 · 2028,celestial-02,formas vectoriales originales,
cover-celestial-003,output\covers\planner\celestial\YOYIR-cover-celestial-003.png,CELESTIAL,NEUTRAL,MIS PLANES,celestial-03,formas vectoriales originales,
cover-celestial-004,output\covers\planner\celestial\YOYIR-cover-celestial-004.png,CELESTIAL,LAVANDA,MI AÑO,celestial-04,formas vectoriales originales,
cover-celestial-005,output\covers\planner\celestial\YOYIR-cover-celestial-005.png,CELESTIAL,BLUSH,ORGANIZA · ENFÓCATE · AVANZA,celestial-05,formas vectoriales originales,
cover-celestial-006,output\covers\planner\celestial\YOYIR-cover-celestial-006.png,CELESTIAL,SAGE,YOYI’R,celestial-06,formas vectoriales originales,
cover-celestial-007,output\covers\planner\celestial\YOYIR-cover-celestial-007.png,CELESTIAL,SKY,PLANIFICADOR,celestial-07,formas vectoriales originales,
cover-celestial-008,output\covers\planner\celestial\YOYIR-cover-celestial-008.png,CELESTIAL,SAND,PLANIFICADOR DIGITAL,celestial-08,formas vectoriales originales,
cover-celestial-009,output\covers\planner\celestial\YOYIR-cover-celestial-009.png,CELESTIAL,NEUTRAL,MI PLANIFICADOR,celestial-01,formas vectoriales originales,
cover-celestial-010,output\covers\planner\celestial\YOYIR-cover-celestial-010.png,CELESTIAL,LAVANDA,2026 · 2027 · 2028,celestial-02,formas vectoriales originales,
cover-celestial-011,output\covers\planner\celestial\YOYIR-cover-celestial-011.png,CELESTIAL,BLUSH,MIS PLANES,celestial-03,formas vectoriales originales,
cover-celestial-012,output\covers\planner\celestial\YOYIR-cover-celestial-012.png,CELESTIAL,SAGE,MI AÑO,celestial-04,formas vectoriales originales,
cover-celestial-013,output\covers\planner\celestial\YOYIR-cover-celestial-013.png,CELESTIAL,SKY,ORGANIZA · ENFÓCATE · AVANZA,celestial-05,formas vectoriales originales,
cover-celestial-014,output\covers\planner\celestial\YOYIR-cover-celestial-014.png,CELESTIAL,SAND,YOYI’R,celestial-06,formas vectoriales originales,
cover-celestial-015,output\covers\planner\celestial\YOYIR-cover-celestial-015.png,CELESTIAL,NEUTRAL,PLANIFICADOR,celestial-07,formas vectoriales originales,
cover-celestial-016,output\covers\planner\celestial\YOYIR-cover-celestial-016.png,CELESTIAL,LAVANDA,PLANIFICADOR DIGITAL,celestial-08,formas vectoriales originales,
cover-celestial-017,output\covers\planner\celestial\YOYIR-cover-celestial-017.png,CELESTIAL,BLUSH,MI PLANIFICADOR,celestial-01,formas vectoriales originales,
cover-celestial-018,output\covers\planner\celestial\YOYIR-cover-celestial-018.png,CELESTIAL,SAGE,2026 · 2027 · 2028,celestial-02,formas vectoriales originales,
cover-celestial-019,output\covers\planner\celestial\YOYIR-cover-celestial-019.png,CELESTIAL,SKY,MIS PLANES,celestial-03,formas vectoriales originales,
cover-celestial-020,output\covers\planner\celestial\YOYIR-cover-celestial-020.png,CELESTIAL,SAND,MI AÑO,celestial-04,formas vectoriales originales,
cover-botanical-001,output\covers\planner\botanical\YOYIR-cover-botanical-001.png,BOTÁNICA MINIMALISTA,SKY,MI PLANIFICADOR,botanical-01,formas vectoriales originales,
cover-botanical-002,output\covers\planner\botanical\YOYIR-cover-botanical-002.png,BOTÁNICA MINIMALISTA,SAND,2026 · 2027 · 2028,botanical-02,formas vectoriales originales,
cover-botanical-003,output\covers\planner\botanical\YOYIR-cover-botanical-003.png,BOTÁNICA MINIMALISTA,NEUTRAL,MIS PLANES,botanical-03,formas vectoriales originales,
cover-botanical-004,output\covers\planner\botanical\YOYIR-cover-botanical-004.png,BOTÁNICA MINIMALISTA,LAVANDA,MI AÑO,botanical-04,formas vectoriales originales,
cover-botanical-005,output\covers\planner\botanical\YOYIR-cover-botanical-005.png,BOTÁNICA MINIMALISTA,BLUSH,ORGANIZA · ENFÓCATE · AVANZA,botanical-05,formas vectoriales originales,
cover-botanical-006,output\covers\planner\botanical\YOYIR-cover-botanical-006.png,BOTÁNICA MINIMALISTA,SAGE,YOYI’R,botanical-06,formas vectoriales originales,
cover-botanical-007,output\covers\planner\botanical\YOYIR-cover-botanical-007.png,BOTÁNICA MINIMALISTA,SKY,PLANIFICADOR,botanical-07,formas vectoriales originales,
cover-botanical-008,output\covers\planner\botanical\YOYIR-cover-botanical-008.png,BOTÁNICA MINIMALISTA,SAND,PLANIFICADOR DIGITAL,botanical-08,formas vectoriales originales,
cover-botanical-009,output\covers\planner\botanical\YOYIR-cover-botanical-009.png,BOTÁNICA MINIMALISTA,NEUTRAL,MI PLANIFICADOR,botanical-01,formas vectoriales originales,
cover-botanical-010,output\covers\planner\botanical\YOYIR-cover-botanical-010.png,BOTÁNICA MINIMALISTA,LAVANDA,2026 · 2027 · 2028,botanical-02,formas vectoriales originales,
cover-botanical-011,output\covers\planner\botanical\YOYIR-cover-botanical-011.png,BOTÁNICA MINIMALISTA,BLUSH,MIS PLANES,botanical-03,formas vectoriales originales,
cover-botanical-012,output\covers\planner\botanical\YOYIR-cover-botanical-012.png,BOTÁNICA MINIMALISTA,SAGE,MI AÑO,botanical-04,formas vectoriales originales,
cover-botanical-013,output\covers\planner\botanical\YOYIR-cover-botanical-013.png,BOTÁNICA MINIMALISTA,SKY,ORGANIZA · ENFÓCATE · AVANZA,botanical-05,formas vectoriales originales,
cover-botanical-014,output\covers\planner\botanical\YOYIR-cover-botanical-014.png,BOTÁNICA MINIMALISTA,SAND,YOYI’R,botanical-06,formas vectoriales originales,
cover-botanical-015,output\covers\planner\botanical\YOYIR-cover-botanical-015.png,BOTÁNICA MINIMALISTA,NEUTRAL,PLANIFICADOR,botanical-07,formas vectoriales originales,
cover-botanical-016,output\covers\planner\botanical\YOYIR-cover-botanical-016.png,BOTÁNICA MINIMALISTA,LAVANDA,PLANIFICADOR DIGITAL,botanical-08,formas vectoriales originales,
cover-botanical-017,output\covers\planner\botanical\YOYIR-cover-botanical-017.png,BOTÁNICA MINIMALISTA,BLUSH,MI PLANIFICADOR,botanical-01,formas vectoriales originales,
cover-botanical-018,output\covers\planner\botanical\YOYIR-cover-botanical-018.png,BOTÁNICA MINIMALISTA,SAGE,2026 · 2027 · 2028,botanical-02,formas vectoriales originales,
cover-botanical-019,output\covers\planner\botanical\YOYIR-cover-botanical-019.png,BOTÁNICA MINIMALISTA,SKY,MIS PLANES,botanical-03,formas vectoriales originales,
cover-botanical-020,output\covers\planner\botanical\YOYIR-cover-botanical-020.png,BOTÁNICA MINIMALISTA,SAND,MI AÑO,botanical-04,formas vectoriales originales,
cover-geometric-001,output\covers\planner\geometric\YOYIR-cover-geometric-001.png,GEOMÉTRICA,SKY,MI PLANIFICADOR,geometric-01,formas vectoriales originales,
cover-geometric-002,output\covers\planner\geometric\YOYIR-cover-geometric-002.png,GEOMÉTRICA,SAND,2026 · 2027 · 2028,geometric-02,formas vectoriales originales,
cover-geometric-003,output\covers\planner\geometric\YOYIR-cover-geometric-003.png,GEOMÉTRICA,NEUTRAL,MIS PLANES,geometric-03,formas vectoriales originales,
cover-geometric-004,output\covers\planner\geometric\YOYIR-cover-geometric-004.png,GEOMÉTRICA,LAVANDA,MI AÑO,geometric-04,formas vectoriales originales,
cover-geometric-005,output\covers\planner\geometric\YOYIR-cover-geometric-005.png,GEOMÉTRICA,BLUSH,ORGANIZA · ENFÓCATE · AVANZA,geometric-05,formas vectoriales originales,
cover-geometric-006,output\covers\planner\geometric\YOYIR-cover-geometric-006.png,GEOMÉTRICA,SAGE,YOYI’R,geometric-06,formas vectoriales originales,
cover-geometric-007,output\covers\planner\geometric\YOYIR-cover-geometric-007.png,GEOMÉTRICA,SKY,PLANIFICADOR,geometric-07,formas vectoriales originales,
cover-geometric-008,output\covers\planner\geometric\YOYIR-cover-geometric-008.png,GEOMÉTRICA,SAND,PLANIFICADOR DIGITAL,geometric-08,formas vectoriales originales,
cover-geometric-009,output\covers\planner\geometric\YOYIR-cover-geometric-009.png,GEOMÉTRICA,NEUTRAL,MI PLANIFICADOR,geometric-01,formas vectoriales originales,
cover-geometric-010,output\covers\planner\geometric\YOYIR-cover-geometric-010.png,GEOMÉTRICA,LAVANDA,2026 · 2027 · 2028,geometric-02,formas vectoriales originales,
cover-geometric-011,output\covers\planner\geometric\YOYIR-cover-geometric-011.png,GEOMÉTRICA,BLUSH,MIS PLANES,geometric-03,formas vectoriales originales,
cover-geometric-012,output\covers\planner\geometric\YOYIR-cover-geometric-012.png,GEOMÉTRICA,SAGE,MI AÑO,geometric-04,formas vectoriales originales,
cover-geometric-013,output\covers\planner\geometric\YOYIR-cover-geometric-013.png,GEOMÉTRICA,SKY,ORGANIZA · ENFÓCATE · AVANZA,geometric-05,formas vectoriales originales,
cover-geometric-014,output\covers\planner\geometric\YOYIR-cover-geometric-014.png,GEOMÉTRICA,SAND,YOYI’R,geometric-06,formas vectoriales originales,
cover-geometric-015,output\covers\planner\geometric\YOYIR-cover-geometric-015.png,GEOMÉTRICA,NEUTRAL,PLANIFICADOR,geometric-07,formas vectoriales originales,
cover-geometric-016,output\covers\planner\geometric\YOYIR-cover-geometric-016.png,GEOMÉTRICA,LAVANDA,PLANIFICADOR DIGITAL,geometric-08,formas vectoriales originales,
cover-geometric-017,output\covers\planner\geometric\YOYIR-cover-geometric-017.png,GEOMÉTRICA,BLUSH,MI PLANIFICADOR,geometric-01,formas vectoriales originales,
cover-geometric-018,output\covers\planner\geometric\YOYIR-cover-geometric-018.png,GEOMÉTRICA,SAGE,2026 · 2027 · 2028,geometric-02,formas vectoriales originales,
cover-geometric-019,output\covers\planner\geometric\YOYIR-cover-geometric-019.png,GEOMÉTRICA,SKY,MIS PLANES,geometric-03,formas vectoriales originales,
cover-geometric-020,output\covers\planner\geometric\YOYIR-cover-geometric-020.png,GEOMÉTRICA,SAND,MI AÑO,geometric-04,formas vectoriales originales,
cover-editorial-001,output\covers\planner\editorial\YOYIR-cover-editorial-001.png,EDITORIAL,SKY,MI PLANIFICADOR,editorial-01,formas vectoriales originales,
cover-editorial-002,output\covers\planner\editorial\YOYIR-cover-editorial-002.png,EDITORIAL,SAND,2026 · 2027 · 2028,editorial-02,formas vectoriales originales,
cover-editorial-003,output\covers\planner\editorial\YOYIR-cover-editorial-003.png,EDITORIAL,NEUTRAL,MIS PLANES,editorial-03,formas vectoriales originales,
cover-editorial-004,output\covers\planner\editorial\YOYIR-cover-editorial-004.png,EDITORIAL,LAVANDA,MI AÑO,editorial-04,formas vectoriales originales,
cover-editorial-005,output\covers\planner\editorial\YOYIR-cover-editorial-005.png,EDITORIAL,BLUSH,ORGANIZA · ENFÓCATE · AVANZA,editorial-05,formas vectoriales originales,
cover-editorial-006,output\covers\planner\editorial\YOYIR-cover-editorial-006.png,EDITORIAL,SAGE,YOYI’R,editorial-06,formas vectoriales originales,
cover-editorial-007,output\covers\planner\editorial\YOYIR-cover-editorial-007.png,EDITORIAL,SKY,PLANIFICADOR,editorial-07,formas vectoriales originales,
cover-editorial-008,output\covers\planner\editorial\YOYIR-cover-editorial-008.png,EDITORIAL,SAND,PLANIFICADOR DIGITAL,editorial-08,formas vectoriales originales,
cover-editorial-009,output\covers\planner\editorial\YOYIR-cover-editorial-009.png,EDITORIAL,NEUTRAL,MI PLANIFICADOR,editorial-01,formas vectoriales originales,
cover-editorial-010,output\covers\planner\editorial\YOYIR-cover-editorial-010.png,EDITORIAL,LAVANDA,2026 · 2027 · 2028,editorial-02,formas vectoriales originales,
cover-editorial-011,output\covers\planner\editorial\YOYIR-cover-editorial-011.png,EDITORIAL,BLUSH,MIS PLANES,editorial-03,formas vectoriales originales,
cover-editorial-012,output\covers\planner\editorial\YOYIR-cover-editorial-012.png,EDITORIAL,SAGE,MI AÑO,editorial-04,formas vectoriales originales,
cover-editorial-013,output\covers\planner\editorial\YOYIR-cover-editorial-013.png,EDITORIAL,SKY,ORGANIZA · ENFÓCATE · AVANZA,editorial-05,formas vectoriales originales,
cover-editorial-014,output\covers\planner\editorial\YOYIR-cover-editorial-014.png,EDITORIAL,SAND,YOYI’R,editorial-06,formas vectoriales originales,
cover-editorial-015,output\covers\planner\editorial\YOYIR-cover-editorial-015.png,EDITORIAL,NEUTRAL,PLANIFICADOR,editorial-07,formas vectoriales originales,
cover-editorial-016,output\covers\planner\editorial\YOYIR-cover-editorial-016.png,EDITORIAL,LAVANDA,PLANIFICADOR DIGITAL,editorial-08,formas vectoriales originales,
cover-editorial-017,output\covers\planner\editorial\YOYIR-cover-editorial-017.png,EDITORIAL,BLUSH,MI PLANIFICADOR,editorial-01,formas vectoriales originales,
cover-editorial-018,output\covers\planner\editorial\YOYIR-cover-editorial-018.png,EDITORIAL,SAGE,2026 · 2027 · 2028,editorial-02,formas vectoriales originales,
cover-editorial-019,output\covers\planner\editorial\YOYIR-cover-editorial-019.png,EDITORIAL,SKY,MIS PLANES,editorial-03,formas vectoriales originales,
cover-editorial-020,output\covers\planner\editorial\YOYIR-cover-editorial-020.png,EDITORIAL,SAND,MI AÑO,editorial-04,formas vectoriales originales,
cover-texture-001,output\covers\planner\texture\YOYIR-cover-texture-001.png,TEXTURA,BLUSH,PLANIFICADOR,texture-01,formas vectoriales originales,
cover-texture-002,output\covers\planner\texture\YOYIR-cover-texture-002.png,TEXTURA,SAGE,PLANIFICADOR DIGITAL,texture-02,formas vectoriales originales,
cover-texture-003,output\covers\planner\texture\YOYIR-cover-texture-003.png,TEXTURA,SKY,MI PLANIFICADOR,texture-03,formas vectoriales originales,
cover-texture-004,output\covers\planner\texture\YOYIR-cover-texture-004.png,TEXTURA,SAND,2026 · 2027 · 2028,texture-04,formas vectoriales originales,
cover-texture-005,output\covers\planner\texture\YOYIR-cover-texture-005.png,TEXTURA,NEUTRAL,MIS PLANES,texture-05,formas vectoriales originales,
cover-texture-006,output\covers\planner\texture\YOYIR-cover-texture-006.png,TEXTURA,LAVANDA,MI AÑO,texture-06,formas vectoriales originales,
cover-texture-007,output\covers\planner\texture\YOYIR-cover-texture-007.png,TEXTURA,BLUSH,ORGANIZA · ENFÓCATE · AVANZA,texture-07,formas vectoriales originales,
cover-texture-008,output\covers\planner\texture\YOYIR-cover-texture-008.png,TEXTURA,SAGE,YOYI’R,texture-08,formas vectoriales originales,
cover-texture-009,output\covers\planner\texture\YOYIR-cover-texture-009.png,TEXTURA,SKY,PLANIFICADOR,texture-01,formas vectoriales originales,
cover-texture-010,output\covers\planner\texture\YOYIR-cover-texture-010.png,TEXTURA,SAND,PLANIFICADOR DIGITAL,texture-02,formas vectoriales originales,
cover-texture-011,output\covers\planner\texture\YOYIR-cover-texture-011.png,TEXTURA,NEUTRAL,MI PLANIFICADOR,texture-03,formas vectoriales originales,
cover-texture-012,output\covers\planner\texture\YOYIR-cover-texture-012.png,TEXTURA,LAVANDA,2026 · 2027 · 2028,texture-04,formas vectoriales originales,
cover-texture-013,output\covers\planner\texture\YOYIR-cover-texture-013.png,TEXTURA,BLUSH,MIS PLANES,texture-05,formas vectoriales originales,
cover-texture-014,output\covers\planner\texture\YOYIR-cover-texture-014.png,TEXTURA,SAGE,MI AÑO,texture-06,formas vectoriales originales,
cover-texture-015,output\covers\planner\texture\YOYIR-cover-texture-015.png,TEXTURA,SKY,ORGANIZA · ENFÓCATE · AVANZA,texture-07,formas vectoriales originales,
cover-texture-016,output\covers\planner\texture\YOYIR-cover-texture-016.png,TEXTURA,SAND,YOYI’R,texture-08,formas vectoriales originales,
cover-texture-017,output\covers\planner\texture\YOYIR-cover-texture-017.png,TEXTURA,NEUTRAL,PLANIFICADOR,texture-01,formas vectoriales originales,
cover-texture-018,output\covers\planner\texture\YOYIR-cover-texture-018.png,TEXTURA,LAVANDA,PLANIFICADOR DIGITAL,texture-02,formas vectoriales originales,
cover-texture-019,output\covers\planner\texture\YOYIR-cover-texture-019.png,TEXTURA,BLUSH,MI PLANIFICADOR,texture-03,formas vectoriales originales,
cover-texture-020,output\covers\planner\texture\YOYIR-cover-texture-020.png,TEXTURA,SAGE,2026 · 2027 · 2028,texture-04,formas vectoriales originales,
